{
    "accuracy": 0.9,
    "classification_report": {
        "setosa": {
            "precision": 1.0,
            "recall": 1.0,
            "f1-score": 1.0,
            "support": 10.0
        },
        "versicolor": {
            "precision": 0.8888888888888888,
            "recall": 0.8,
            "f1-score": 0.8421052631578947,
            "support": 10.0
        },
        "virginica": {
            "precision": 0.8181818181818182,
            "recall": 0.9,
            "f1-score": 0.8571428571428571,
            "support": 10.0
        },
        "accuracy": 0.9,
        "macro avg": {
            "precision": 0.9023569023569024,
            "recall": 0.9,
            "f1-score": 0.899749373433584,
            "support": 30.0
        },
        "weighted avg": {
            "precision": 0.9023569023569025,
            "recall": 0.9,
            "f1-score": 0.8997493734335839,
            "support": 30.0
        }
    },
    "confusion_matrix": [
        [
            10,
            0,
            0
        ],
        [
            0,
            8,
            2
        ],
        [
            0,
            1,
            9
        ]
    ],
    "best_hyperparameters": {
        "classifier__C": 10.0
    },
    "training_duration_sec": 0.06540918350219727
}