{
    "accuracy": 0.9444444444444444,
    "classification_report": {
        "class_0": {
            "precision": 1.0,
            "recall": 0.9166666666666666,
            "f1-score": 0.9565217391304348,
            "support": 12.0
        },
        "class_1": {
            "precision": 0.875,
            "recall": 1.0,
            "f1-score": 0.9333333333333333,
            "support": 14.0
        },
        "class_2": {
            "precision": 1.0,
            "recall": 0.9,
            "f1-score": 0.9473684210526315,
            "support": 10.0
        },
        "accuracy": 0.9444444444444444,
        "macro avg": {
            "precision": 0.9583333333333334,
            "recall": 0.9388888888888888,
            "f1-score": 0.9457411645054665,
            "support": 36.0
        },
        "weighted avg": {
            "precision": 0.9513888888888888,
            "recall": 0.9444444444444444,
            "f1-score": 0.9449614374099499,
            "support": 36.0
        }
    },
    "confusion_matrix": [
        [
            11,
            1,
            0
        ],
        [
            0,
            14,
            0
        ],
        [
            0,
            1,
            9
        ]
    ],
    "best_hyperparameters": {
        "classifier__max_depth": 3,
        "classifier__min_samples_split": 2
    },
    "training_duration_sec": 0.17041397094726562
}